image,split,problem_type,annotated_class,suggested_class,box,confidence,evidence
02-PAN-20250405-013-430-L00000001339-CCD26_4_crop3.jpg,train,mislabel,LQS,HM,"[455.0, 239.0, 527.0, 524.0]",high,可见尺度明显更大的全通飞行甲板和复杂舰岛/跑道式标线，更符合 HM 航母。
W117.1_N32.6_20180715_L1A0003325477-PAN26_crop1.jpg,train,mislabel,LQS,MS,"[142.0, 375.0, 440.0, 530.0]",high,可见货运甲板/装卸结构和集中上层建筑，未见全通甲板或军舰装备，符合 MS 民船。
W117.1_N32.6_20180715_L1A0003325477-PAN26_crop1.jpg,train,mislabel,LQS,MS,"[218.0, 660.0, 512.0, 789.0]",high,与 SHIP-09 同源同目标，甲板呈货运布局而非两栖舰连续飞行甲板，符合 MS 民船。
W117.1_N32.6_20180715_L1A0003325477-PAN28_crop1.jpg,train,mislabel,LQS,MS,"[107.0, 442.0, 391.0, 578.0]",high,同源目标具有货舱/装卸结构，无直升机甲板或军舰武器特征，符合 MS 民船。
E128.0_N26.3_20180531_L1A0003228719-PAN20_crop1.jpg,train,mislabel,QHS,MS,"[306.0, 366.0, 374.0, 566.0]",high,可见民用作业/货运船式甲板和上层结构，未见军舰装备，符合 MS 民船。
02-PAN-20250321-455-304-L00000000227-CCD7_2_crop2.jpg,train,mislabel,QHS,MS,"[643.0, 659.0, 730.0, 855.0]",high,可见民用工程/作业船式甲板布局，无明确雷达或武器特征，符合 MS 民船。
fsc_AGZ-N42.80-E141.65-lv20-Google_crop0001.jpg,train,miss,,FSC,"[274.9, 831.0, 323.6, 883.2]",high,原图为成组部署的军用车辆场地，候选为独立的长车体且与现有框不重叠，符合未标注发射车。
fsc_TG-N24.21-E120.59-lv20-Google_crop0001.jpg,train,miss,,FSC,"[865.8, 544.9, 899.8, 585.4]",high,原图林地道路中存在与周边独立部署车辆一致的长车体，符合未标注的军用发射车辆。
fsc_AGZ-N42.80-E141.65-lv20-Google_crop0001.jpg,train,miss,,FSC,"[58.4, 386.7, 103.6, 432.2]",high,与 FSC-03 同源军用车辆部署区，候选为另一独立车体且不与既有标注重叠。
MAR20_3662.jpg,val,miss,,KC-135,"[173.6, 160.3, 295.4, 278.4]",high,大型四发喷气式飞机，外形与KC-135加油机高度吻合（翼下吊舱、T型尾翼、机身细长），模型置信度0.94，无对应标注
E103.9_N1.2_20200419_L1A0004749016-PAN26_crop6.jpg,val,miss,,MS,"[440.0, 577.3, 553.4, 636.2]",high,民用船舶（上层建筑集中尾部、无武装），模型置信度0.90，无对应标注
W76.3_N37.0_20150318_L1A0000704021-PAN20_crop1.jpg,val,mislabel,QHS,MS,"[133.2, 475.8, 287.9, 752.5]",high,标注为驱护舰，实为散货/驳船类民船（矩形舱口网格、无武器、船首钝圆），模型置信度0.95
01-PAN-20240423-029-368-L00000011028-CCD29_4_crop1.jpg,train,miss,,MS,"[35.4, 646.9, 61.8, 749.3]",candidate,模型以置信度 0.9199 检出 MS 目标但无标注，疑似漏标
01-PAN-20250407-456-303-L00000100049-CCD6_6_crop1.jpg,train,miss,,MS,"[247.1, 11.4, 419.7, 78.2]",candidate,模型以置信度 0.886 检出 MS 目标但无标注，疑似漏标
fsc_TG-N25.20-E121.42-lv20-Google_crop0001.jpg,train,miss,,FSC,"[313.6, 352.7, 344.4, 389.5]",candidate,模型以置信度 0.885 检出 FSC 目标但无标注，疑似漏标
01-PAN-20250407-456-301-L00000100047-CCD1_5_crop5.jpg,train,miss,,MS,"[381.0, 293.5, 531.0, 356.6]",candidate,模型以置信度 0.8775 检出 MS 目标但无标注，疑似漏标
01-PAN-20250328-462-375-L00000101102-CCD20_1_crop3.jpg,train,miss,,MS,"[463.2, 291.8, 808.4, 570.4]",candidate,模型以置信度 0.8636 检出 MS 目标但无标注，疑似漏标
01-PAN-20240424-146-260-L00000010815-CCD32_3_crop1.jpg,train,mislabel,MS,QHS,"[165.1, 120.0, 261.0, 330.8]",candidate,标注为 MS，模型预测 QHS（置信度 0.8588），疑似错标
fsc_TG-N25.20-E121.42-lv20-Google_crop0001.jpg,train,miss,,FSC,"[167.1, 460.5, 199.2, 495.5]",candidate,模型以置信度 0.8457 检出 FSC 目标但无标注，疑似漏标
01-PAN-20250328-462-375-L00000101102-CCD20_1_crop3.jpg,train,miss,,MS,"[139.3, 573.0, 481.4, 852.0]",candidate,模型以置信度 0.837 检出 MS 目标但无标注，疑似漏标
02-PAN-20250403-466-364-L00000001478-CCD18_3_crop2.jpg,train,miss,,MS,"[776.0, 186.8, 821.0, 325.8]",candidate,模型以置信度 0.8214 检出 MS 目标但无标注，疑似漏标
fsc_TG-N25.20-E121.42-lv20-Google_crop0001.jpg,train,miss,,FSC,"[871.2, 179.2, 900.0, 222.9]",candidate,模型以置信度 0.8079 检出 FSC 目标但无标注，疑似漏标
01-PAN-20250210-441-302-L00000100998-CCD24_1_crop4.jpg,train,miss,,MS,"[566.8, 0.0, 654.3, 119.9]",candidate,模型以置信度 0.8078 检出 MS 目标但无标注，疑似漏标
01-PAN-20250404-320-230-L00000098919-CCD6_4_crop3.jpg,train,miss,,MS,"[0.0, 0.0, 84.7, 61.7]",candidate,模型以置信度 0.8019 检出 MS 目标但无标注，疑似漏标
01-PAN-20240423-029-368-L00000011028-CCD29_4_crop1.jpg,train,miss,,MS,"[0.0, 657.6, 18.0, 767.2]",candidate,模型以置信度 0.7756 检出 MS 目标但无标注，疑似漏标
fsc_TG-N25.20-E121.42-lv20-Google_crop0001.jpg,train,miss,,FSC,"[129.9, 427.2, 163.3, 455.8]",candidate,模型以置信度 0.7614 检出 FSC 目标但无标注，疑似漏标
02-PAN-20250321-455-304-L00000000227-CCD15_4_crop1.jpg,train,miss,,MS,"[757.5, 482.4, 855.4, 849.6]",candidate,模型以置信度 0.7546 检出 MS 目标但无标注，疑似漏标
E139.7_N35.3_20170121_L1A0002135991-PAN12_crop2.jpg,train,mislabel,MS,QHS,"[130.4, 0.1, 320.2, 147.7]",candidate,标注为 MS，模型预测 QHS（置信度 0.692），疑似错标
E139.6_N35.3_20170312_L1A0002233573-PAN11_crop5.jpg,train,miss,,QHS,"[145.8, 323.4, 231.5, 348.4]",candidate,模型以置信度 0.6833 检出 QHS 目标但无标注，疑似漏标
01-PAN-20240514-449-309-L00000012646-CCD13_2_crop2.jpg,train,miss,,MS,"[149.4, 738.4, 430.5, 860.8]",candidate,模型以置信度 0.6828 检出 MS 目标但无标注，疑似漏标
E139.7_N35.3_20170121_L1A0002135991-PAN12_crop8.jpg,train,miss,,MS,"[0.0, 682.0, 25.4, 771.7]",candidate,模型以置信度 0.6802 检出 MS 目标但无标注，疑似漏标
fsc_TG-N25.20-E121.42-lv20-Google_crop0001.jpg,train,miss,,FSC,"[19.9, 689.6, 44.0, 731.2]",candidate,模型以置信度 0.674 检出 FSC 目标但无标注，疑似漏标
02-PAN-20250405-013-428-L00000001337-CCD29_1_crop9.jpg,train,miss,,MS,"[444.8, 91.0, 516.5, 131.5]",candidate,模型以置信度 0.6663 检出 MS 目标但无标注，疑似漏标
01-PAN-20250328-462-375-L00000101102-CCD19_1_crop1.jpg,train,miss,,QHS,"[573.5, 14.6, 739.8, 208.4]",candidate,模型以置信度 0.615 检出 QHS 目标但无标注，疑似漏标
02-PAN-20250403-149-295-L00000001224-CCD16_3_crop4.jpg,train,miss,,MS,"[404.2, 199.1, 575.0, 343.7]",candidate,模型以置信度 0.6077 检出 MS 目标但无标注，疑似漏标
E139.7_N35.2_20150922_L1A0001053752-PAN23_crop1.jpg,train,miss,,QHS,"[0.1, 65.5, 27.2, 202.6]",candidate,模型以置信度 0.5817 检出 QHS 目标但无标注，疑似漏标
E139.6_N35.3_20170122_L1A0002138611-PAN11_crop1.jpg,train,miss,,QHS,"[527.1, 749.8, 714.6, 813.0]",candidate,模型以置信度 0.5729 检出 QHS 目标但无标注，疑似漏标
02-PAN-20250321-455-302-L00000000225-CCD3_2_crop3.jpg,train,miss,,MS,"[593.1, 0.0, 733.2, 69.0]",candidate,模型以置信度 0.5706 检出 MS 目标但无标注，疑似漏标
E139.6_N35.3_20170122_L1A0002138611-PAN11_crop5.jpg,train,miss,,QHS,"[838.5, 496.0, 856.0, 620.0]",candidate,模型以置信度 0.5692 检出 QHS 目标但无标注，疑似漏标
02-PAN-20250403-149-295-L00000001224-CCD16_3_crop2.jpg,train,miss,,MS,"[0.5, 713.6, 143.1, 788.5]",candidate,模型以置信度 0.5482 检出 MS 目标但无标注，疑似漏标
02-PAN-20250321-455-304-L00000000227-CCD8_2_crop8.jpg,train,miss,,MS,"[143.9, 0.0, 326.7, 47.1]",candidate,模型以置信度 0.5474 检出 MS 目标但无标注，疑似漏标
fsc_TG-N25.20-E121.42-lv20-Google_crop0001.jpg,train,miss,,FSC,"[2.5, 638.6, 38.1, 662.3]",candidate,模型以置信度 0.5407 检出 FSC 目标但无标注，疑似漏标
01-PAN-20250405-061-362-L00000099505-CCD22_2_crop2.jpg,train,miss,,MS,"[190.1, 773.3, 293.7, 826.8]",candidate,模型以置信度 0.5077 检出 MS 目标但无标注，疑似漏标
02-PAN-20250330-461-284-L00000000744-CCD23_4_crop4.jpg,train,miss,,MS,"[0.0, 339.6, 53.0, 458.5]",candidate,模型以置信度 0.5044 检出 MS 目标但无标注，疑似漏标
01-PAN-20240515-001-331-L00000012635-CCD19_3_crop3.jpg,train,miss,,MS,"[0.0, 200.2, 42.1, 311.8]",candidate,模型以置信度 0.4996 检出 MS 目标但无标注，疑似漏标
01-PAN-20250407-456-304-L00000100050-CCD14_4_crop3.jpg,train,miss,,MS,"[0.1, 503.4, 43.1, 543.0]",candidate,模型以置信度 0.4968 检出 MS 目标但无标注，疑似漏标
01-PAN-20250407-456-304-L00000100050-CCD6_1_crop2.jpg,train,miss,,MS,"[31.6, 0.0, 159.1, 42.6]",candidate,模型以置信度 0.476 检出 MS 目标但无标注，疑似漏标
01-PAN-20240513-456-301-L00000012440-CCD1_5_crop11.jpg,train,miss,,MS,"[28.5, 267.5, 83.5, 363.9]",candidate,模型以置信度 0.4633 检出 MS 目标但无标注，疑似漏标
01-PAN-20250328-462-374-L00000101101-CCD21_5_crop11.jpg,train,miss,,MS,"[0.0, 221.4, 16.9, 334.5]",candidate,模型以置信度 0.4628 检出 MS 目标但无标注，疑似漏标
MAR20_438.jpg,train,miss,,FSC,"[111.9, 577.7, 129.2, 605.6]",candidate,模型以置信度 0.4528 检出 FSC 目标但无标注，疑似漏标
01-PAN-20240423-029-368-L00000011028-CCD29_4_crop1.jpg,train,miss,,MS,"[35.9, 642.4, 60.5, 732.4]",candidate,模型以置信度 0.4376 检出 MS 目标但无标注，疑似漏标
01-PAN-20250406-463-326-L00000099680-CCD14_2_crop1.jpg,train,miss,,MS,"[695.9, 360.4, 828.4, 466.1]",candidate,模型以置信度 0.4354 检出 MS 目标但无标注，疑似漏标
E120.2_N14.7_20161023_L1A0001910573-PAN19_crop1.jpg,train,miss,,MS,"[670.2, 373.6, 890.8, 541.5]",candidate,模型以置信度 0.4271 检出 MS 目标但无标注，疑似漏标
02-PAN-20250405-013-430-L00000001339-CCD20_3_crop1.jpg,train,miss,,MS,"[405.4, 3.3, 670.4, 568.3]",candidate,模型以置信度 0.4198 检出 MS 目标但无标注，疑似漏标
E139.6_N35.4_20180420_L1A0003133739-PAN15_crop5.jpg,train,miss,,MS,"[94.2, 0.0, 129.6, 24.0]",candidate,模型以置信度 0.4193 检出 MS 目标但无标注，疑似漏标
E139.7_N35.2_20150922_L1A0001053752-PAN23_crop5.jpg,train,mislabel,MS,QHS,"[691.1, 124.4, 813.0, 184.2]",candidate,标注为 MS，模型预测 QHS（置信度 0.4084），疑似错标
E139.7_N35.3_20170121_L1A0002135991-PAN13_crop4.jpg,train,miss,,MS,"[625.3, 712.5, 688.6, 785.6]",candidate,模型以置信度 0.3936 检出 MS 目标但无标注，疑似漏标
01-PAN-20250328-462-374-L00000101101-CCD20_6_crop9.jpg,train,miss,,MS,"[734.2, 45.1, 802.0, 286.2]",candidate,模型以置信度 0.3879 检出 MS 目标但无标注，疑似漏标
E139.7_N35.3_20170121_L1A0002135991-PAN10_crop1.jpg,train,miss,,MS,"[341.3, 0.0, 487.8, 32.1]",candidate,模型以置信度 0.3853 检出 MS 目标但无标注，疑似漏标
02-PAN-20250405-013-428-L00000001337-CCD29_1_crop9.jpg,train,miss,,MS,"[0.0, 0.0, 13.6, 61.5]",candidate,模型以置信度 0.3783 检出 MS 目标但无标注，疑似漏标
01-PAN-20250328-462-375-L00000101102-CCD21_1_crop1.jpg,train,miss,,MS,"[554.8, 274.2, 641.4, 367.7]",candidate,模型以置信度 0.3712 检出 MS 目标但无标注，疑似漏标
01-PAN-20240514-449-311-L00000012648-CCD22_2_crop3.jpg,train,miss,,MS,"[103.0, 560.3, 186.4, 740.7]",candidate,模型以置信度 0.3697 检出 MS 目标但无标注，疑似漏标
02-PAN-20250402-255-354-L00000001127-CCD8_5_crop3.jpg,train,miss,,MS,"[767.2, 732.1, 872.0, 806.5]",candidate,模型以置信度 0.3682 检出 MS 目标但无标注，疑似漏标
E139.7_N35.3_20170121_L1A0002135991-PAN12_crop2.jpg,train,mislabel,MS,LQS,"[131.7, 0.3, 323.3, 148.0]",candidate,标注为 MS，模型预测 LQS（置信度 0.359），疑似错标
01-PAN-20240513-456-305-L00000012444-CCD15_4_crop3.jpg,train,miss,,MS,"[749.4, 54.0, 834.0, 376.9]",candidate,模型以置信度 0.3569 检出 MS 目标但无标注，疑似漏标
E139.6_N35.4_20180420_L1A0003133739-PAN12_crop2.jpg,train,mislabel,MS,LQS,"[762.8, 348.2, 883.0, 532.5]",candidate,标注为 MS，模型预测 LQS（置信度 0.2364），疑似错标
02-PAN-20250323-442-303-L00000000287-CCD6_2_crop1.jpg,train,mislabel,MS,QHS,"[769.0, 325.2, 868.9, 526.7]",candidate,标注为 MS，模型预测 QHS（置信度 0.2119），疑似错标
01-PAN-20250328-462-374-L00000101101-CCD21_4_crop1.jpg,train,mislabel,MS,QHS,"[94.6, 682.0, 197.5, 734.3]",candidate,标注为 MS，模型预测 QHS（置信度 0.1907），疑似错标
E139.7_N35.3_20170121_L1A0002135991-PAN12_crop2.jpg,train,mislabel,MS,QHS,"[77.1, 0.0, 252.7, 130.0]",candidate,标注为 MS，模型预测 QHS（置信度 0.1022），疑似错标
W157.9_N21.3_20160709_L1A0001690055-PAN20_crop3.jpg,val,mislabel,QHS,MS,"[135.0, 252.2, 197.1, 351.4]",candidate,标注为 QHS，模型预测 MS（置信度 0.9176），疑似错标
W76.3_N37.0_20150318_L1A0000704021-PAN20_crop1.jpg,val,mislabel,QHS,MS,"[595.9, 471.0, 670.0, 800.0]",candidate,标注为 QHS，模型预测 MS（置信度 0.901），疑似错标
01-PAN-20240513-456-304-L00000012443-CCD5_2_crop1.jpg,val,miss,,MS,"[93.6, 641.2, 183.1, 838.4]",candidate,模型以置信度 0.8874 检出 MS 目标但无标注，疑似漏标
W76.3_N37.0_20150318_L1A0000704021-PAN27_crop3.jpg,val,mislabel,QHS,MS,"[577.5, 182.9, 651.3, 511.3]",candidate,标注为 QHS，模型预测 MS（置信度 0.885），疑似错标
E103.9_N1.2_20200419_L1A0004749016-PAN22_crop5.jpg,val,miss,,MS,"[282.4, 722.8, 327.5, 794.5]",candidate,模型以置信度 0.8809 检出 MS 目标但无标注，疑似漏标
01-PAN-20240513-456-304-L00000012443-CCD7_3_crop7.jpg,val,mislabel,MS,QHS,"[622.9, 492.7, 737.9, 670.6]",candidate,标注为 MS，模型预测 QHS（置信度 0.8786），疑似错标
02-PAN-20250329-087-336-L00000000675-CCD18_6_crop1.jpg,val,miss,,MS,"[68.6, 0.0, 325.8, 168.5]",candidate,模型以置信度 0.8774 检出 MS 目标但无标注，疑似漏标
01-PAN-20240513-456-304-L00000012443-CCD5_2_crop4.jpg,val,miss,,MS,"[571.9, 249.8, 659.2, 458.5]",candidate,模型以置信度 0.8737 检出 MS 目标但无标注，疑似漏标
01-PAN-20240511-152-202-L00000012357-CCD23_5_crop2.jpg,val,miss,,MS,"[0.0, 232.2, 66.5, 378.0]",candidate,模型以置信度 0.8724 检出 MS 目标但无标注，疑似漏标
01-PAN-20240513-456-304-L00000012443-CCD7_4_crop2.jpg,val,miss,,MS,"[572.2, 86.9, 681.4, 272.7]",candidate,模型以置信度 0.8611 检出 MS 目标但无标注，疑似漏标
01-PAN-20240513-456-304-L00000012443-CCD6_2_crop1.jpg,val,miss,,MS,"[16.2, 191.7, 162.9, 423.1]",candidate,模型以置信度 0.8586 检出 MS 目标但无标注，疑似漏标
W76.3_N37.0_20150318_L1A0000704021-PAN27_crop3.jpg,val,mislabel,QHS,MS,"[697.5, 192.3, 769.6, 567.4]",candidate,标注为 QHS，模型预测 MS（置信度 0.8425），疑似错标
01-PAN-20240513-456-304-L00000012443-CCD15_3_crop1.jpg,val,mislabel,QHS,MS,"[698.6, 715.4, 812.1, 864.0]",candidate,标注为 QHS，模型预测 MS（置信度 0.8424），疑似错标
W76.3_N37.0_20150318_L1A0000704021-PAN20_crop1.jpg,val,mislabel,QHS,MS,"[713.0, 480.5, 791.8, 855.2]",candidate,标注为 QHS，模型预测 MS（置信度 0.8369），疑似错标
W157.9_N21.3_20160709_L1A0001690055-PAN23_crop4.jpg,val,mislabel,HM,QHS,"[67.4, 0.0, 272.9, 162.8]",candidate,标注为 HM，模型预测 QHS（置信度 0.8263），疑似错标
01-PAN-20250118-471-374-L00000075006-CCD18_4_crop1.jpg,val,miss,,MS,"[736.0, 181.4, 852.6, 248.8]",candidate,模型以置信度 0.8123 检出 MS 目标但无标注，疑似漏标
01-PAN-20240513-456-304-L00000012443-CCD6_2_crop4.jpg,val,miss,,MS,"[374.0, 336.0, 444.8, 569.3]",candidate,模型以置信度 0.8029 检出 MS 目标但无标注，疑似漏标
01-PAN-20240513-456-304-L00000012443-CCD6_2_crop2.jpg,val,mislabel,MS,QHS,"[677.1, 0.0, 790.1, 146.1]",candidate,标注为 MS，模型预测 QHS（置信度 0.7848），疑似错标
E103.9_N1.2_20200419_L1A0004749016-PAN21_crop3.jpg,val,mislabel,MS,QHS,"[253.1, 749.4, 457.0, 820.0]",candidate,标注为 MS，模型预测 QHS（置信度 0.7826），疑似错标
E103.9_N1.2_20200419_L1A0004749016-PAN26_crop6.jpg,val,miss,,MS,"[744.3, 0.0, 859.3, 42.0]",candidate,模型以置信度 0.76 检出 MS 目标但无标注，疑似漏标
01-PAN-20240513-456-304-L00000012443-CCD7_3_crop2.jpg,val,miss,,MS,"[517.7, 754.7, 629.3, 810.1]",candidate,模型以置信度 0.7578 检出 MS 目标但无标注，疑似漏标
E103.9_N1.2_20200419_L1A0004749016-PAN26_crop1.jpg,val,miss,,MS,"[264.6, 350.5, 363.9, 398.5]",candidate,模型以置信度 0.7458 检出 MS 目标但无标注，疑似漏标
02-PAN-20250329-087-337-L00000000676-CCD18_1_crop2.jpg,val,miss,,MS,"[302.4, 813.6, 435.4, 846.8]",candidate,模型以置信度 0.7137 检出 MS 目标但无标注，疑似漏标
01-PAN-20240513-456-304-L00000012443-CCD6_2_crop3.jpg,val,miss,,MS,"[0.1, 599.0, 75.0, 669.9]",candidate,模型以置信度 0.7042 检出 MS 目标但无标注，疑似漏标
E127.9_N26.4_20170304_L1A0002218828-PAN14_crop2.jpg,val,mislabel,MS,QHS,"[565.4, 714.0, 668.7, 795.5]",candidate,标注为 MS，模型预测 QHS（置信度 0.6942），疑似错标
01-PAN-20240513-456-304-L00000012443-CCD7_3_crop1.jpg,val,mislabel,MS,QHS,"[144.0, 353.7, 209.5, 487.8]",candidate,标注为 MS，模型预测 QHS（置信度 0.6733），疑似错标
E103.9_N1.2_20200419_L1A0004749016-PAN25_crop19.jpg,val,miss,,MS,"[377.5, 439.4, 464.3, 560.9]",candidate,模型以置信度 0.6607 检出 MS 目标但无标注，疑似漏标
E103.9_N1.2_20200419_L1A0004749016-PAN25_crop25.jpg,val,miss,,MS,"[599.0, 546.4, 688.9, 673.0]",candidate,模型以置信度 0.6602 检出 MS 目标但无标注，疑似漏标
01-PAN-20240430-104-336-L00000011523-CCD23_4_crop1.jpg,val,miss,,MS,"[408.5, 0.3, 487.8, 222.6]",candidate,模型以置信度 0.6378 检出 MS 目标但无标注，疑似漏标
W76.3_N37.0_20150318_L1A0000704021-PAN20_crop3.jpg,val,mislabel,QHS,MS,"[197.6, 599.3, 403.1, 771.6]",candidate,标注为 QHS，模型预测 MS（置信度 0.6352），疑似错标
W157.9_N21.3_20160709_L1A0001690055-PAN23_crop3.jpg,val,mislabel,MS,QHS,"[243.4, 398.6, 448.5, 544.4]",candidate,标注为 MS，模型预测 QHS（置信度 0.6325），疑似错标
fsc_TG-N22.33-E120.62-lv20-Bing_crop0004.jpg,val,miss,,FSC,"[863.6, 627.5, 900.0, 679.2]",candidate,模型以置信度 0.5961 检出 FSC 目标但无标注，疑似漏标
01-PAN-20240513-456-304-L00000012443-CCD6_2_crop7.jpg,val,miss,,MS,"[117.6, 653.3, 174.5, 743.7]",candidate,模型以置信度 0.5838 检出 MS 目标但无标注，疑似漏标
W157.9_N21.3_20160709_L1A0001690055-PAN23_crop4.jpg,val,mislabel,QHS,MS,"[556.4, 771.1, 622.5, 870.8]",candidate,标注为 QHS，模型预测 MS（置信度 0.5816），疑似错标
E103.9_N1.2_20200419_L1A0004749016-PAN25_crop6.jpg,val,mislabel,MS,QHS,"[2.1, 76.7, 184.5, 268.8]",candidate,标注为 MS，模型预测 QHS（置信度 0.5749），疑似错标
01-PAN-20240513-456-304-L00000012443-CCD6_2_crop10.jpg,val,miss,,MS,"[403.5, 443.3, 631.3, 638.2]",candidate,模型以置信度 0.5697 检出 MS 目标但无标注，疑似漏标
01-PAN-20240511-152-202-L00000012357-CCD23_5_crop2.jpg,val,miss,,MS,"[310.3, 606.0, 421.2, 715.5]",candidate,模型以置信度 0.5579 检出 MS 目标但无标注，疑似漏标
W76.3_N37.0_20150318_L1A0000704021-PAN20_crop3.jpg,val,mislabel,MS,QHS,"[154.1, 541.7, 350.1, 707.9]",candidate,标注为 MS，模型预测 QHS（置信度 0.5307），疑似错标
E103.9_N1.2_20200419_L1A0004749016-PAN22_crop5.jpg,val,miss,,MS,"[383.9, 637.8, 415.5, 700.8]",candidate,模型以置信度 0.5299 检出 MS 目标但无标注，疑似漏标
01-PAN-20240513-456-304-L00000012443-CCD7_3_crop8.jpg,val,mislabel,MS,QHS,"[209.5, 48.4, 259.3, 159.4]",candidate,标注为 MS，模型预测 QHS（置信度 0.4765），疑似错标
01-PAN-20240513-456-304-L00000012443-CCD6_2_crop7.jpg,val,miss,,MS,"[520.8, 482.3, 572.2, 613.5]",candidate,模型以置信度 0.4756 检出 MS 目标但无标注，疑似漏标
01-PAN-20240513-456-304-L00000012443-CCD15_3_crop1.jpg,val,miss,,QHS,"[667.6, 0.0, 745.1, 62.3]",candidate,模型以置信度 0.4561 检出 QHS 目标但无标注，疑似漏标
01-PAN-20240511-152-202-L00000012357-CCD23_5_crop2.jpg,val,miss,,MS,"[302.9, 69.5, 433.2, 107.0]",candidate,模型以置信度 0.4288 检出 MS 目标但无标注，疑似漏标
E103.9_N1.2_20200419_L1A0004749016-PAN22_crop6.jpg,val,miss,,MS,"[791.4, 169.4, 829.6, 252.9]",candidate,模型以置信度 0.4238 检出 MS 目标但无标注，疑似漏标
01-PAN-20240513-456-304-L00000012443-CCD15_3_crop8.jpg,val,miss,,MS,"[783.4, 628.1, 806.0, 733.0]",candidate,模型以置信度 0.4237 检出 MS 目标但无标注，疑似漏标
01-PAN-20240513-456-304-L00000012443-CCD7_4_crop2.jpg,val,miss,,MS,"[502.0, 0.0, 652.0, 246.5]",candidate,模型以置信度 0.3674 检出 MS 目标但无标注，疑似漏标
01-PAN-20240513-456-304-L00000012443-CCD15_3_crop3.jpg,val,miss,,QHS,"[0.0, 0.0, 178.9, 42.7]",candidate,模型以置信度 0.365 检出 QHS 目标但无标注，疑似漏标
01-PAN-20240513-456-304-L00000012443-CCD15_3_crop4.jpg,val,mislabel,LQS,QHS,"[310.6, 832.6, 476.4, 859.0]",candidate,标注为 LQS，模型预测 QHS（置信度 0.3322），疑似错标
W76.3_N37.0_20150318_L1A0000704021-PAN27_crop2.jpg,val,mislabel,QHS,MS,"[371.6, 117.3, 576.0, 295.7]",candidate,标注为 QHS，模型预测 MS（置信度 0.1952），疑似错标
W76.3_N37.0_20150318_L1A0000704021-PAN27_crop3.jpg,val,mislabel,QHS,MS,"[655.1, 185.3, 721.8, 572.1]",candidate,标注为 QHS，模型预测 MS（置信度 0.1928），疑似错标
01-PAN-20240423-439-569-L00000011168-CCD16_5_crop1.jpg,val,mislabel,MS,QHS,"[54.3, 546.4, 295.1, 688.7]",candidate,标注为 MS，模型预测 QHS（置信度 0.1455），疑似错标
W157.9_N21.3_20160709_L1A0001690055-PAN23_crop4.jpg,val,mislabel,QHS,MS,"[0.0, 696.8, 20.3, 854.1]",candidate,标注为 QHS，模型预测 MS（置信度 0.1239），疑似错标
W157.9_N21.3_20160709_L1A0001690055-PAN23_crop3.jpg,val,mislabel,MS,QHS,"[231.0, 386.5, 452.9, 558.4]",candidate,标注为 MS，模型预测 QHS（置信度 0.1142），疑似错标
01-PAN-20240513-456-304-L00000012443-CCD7_3_crop9.jpg,val,mislabel,MS,QHS,"[669.5, 139.8, 733.1, 276.0]",candidate,标注为 MS，模型预测 QHS（置信度 0.1129），疑似错标
