case_id,action,split,label_file,row,before,after,reviewer,evidence
SHIP-07,modify_class,train,02-PAN-20250405-013-430-L00000001339-CCD26_4_crop3.txt,0,1 0.588729 0.457434 0.086331 0.341727,0 0.588729 0.457434 0.086331 0.341727,GPT,可见尺度明显更大的全通飞行甲板和复杂舰岛/跑道式标线，更符合 HM 航母。
SHIP-09,modify_class,train,W117.1_N32.6_20180715_L1A0003325477-PAN26_crop1.txt,4,1 0.349340 0.543217 0.357743 0.186074,3 0.349340 0.543217 0.357743 0.186074,GPT,可见货运甲板/装卸结构和集中上层建筑，未见全通甲板或军舰装备，符合 MS 民船。
SHIP-10,modify_class,train,W117.1_N32.6_20180715_L1A0003325477-PAN26_crop1.txt,5,1 0.438175 0.869748 0.352941 0.154862,3 0.438175 0.869748 0.352941 0.154862,GPT,与 SHIP-09 同源同目标，甲板呈货运布局而非两栖舰连续飞行甲板，符合 MS 民船。
SHIP-11,modify_class,train,W117.1_N32.6_20180715_L1A0003325477-PAN28_crop1.txt,6,1 0.288863 0.591647 0.329466 0.157773,3 0.288863 0.591647 0.329466 0.157773,GPT,同源目标具有货舱/装卸结构，无直升机甲板或军舰武器特征，符合 MS 民船。
SHIP-15,modify_class,train,E128.0_N26.3_20180531_L1A0003228719-PAN20_crop1.txt,0,2 0.425000 0.582500 0.085000 0.250000,3 0.425000 0.582500 0.085000 0.250000,GPT,可见民用作业/货运船式甲板和上层结构，未见军舰装备，符合 MS 民船。
SHIP-17,modify_class,train,02-PAN-20250321-455-304-L00000000227-CCD7_2_crop2.txt,0,2 0.801050 0.883314 0.101517 0.228705,3 0.801050 0.883314 0.101517 0.228705,GPT,可见民用工程/作业船式甲板布局，无明确雷达或武器特征，符合 MS 民船。
FSC-03,add_missed_target,train,fsc_AGZ-N42.80-E141.65-lv20-Google_crop0001.txt,-1,-,24 0.332500 0.952333 0.054111 0.058000,GPT,原图为成组部署的军用车辆场地，候选为独立的长车体且与现有框不重叠，符合未标注发射车。
FSC-09,add_missed_target,train,fsc_TG-N24.21-E120.59-lv20-Google_crop0001.txt,-1,-,24 0.980889 0.627944 0.037778 0.045000,GPT,原图林地道路中存在与周边独立部署车辆一致的长车体，符合未标注的军用发射车辆。
FSC-10,add_missed_target,train,fsc_AGZ-N42.80-E141.65-lv20-Google_crop0001.txt,-1,-,24 0.090000 0.454944 0.050222 0.050556,GPT,与 FSC-03 同源军用车辆部署区，候选为另一独立车体且不与既有标注重叠。
